-- PRAGMA journal_mode = WAL;
PRAGMA foreign_keys = ON;
BEGIN TRANSACTION;

INSERT INTO configs (automatic_enrollment) VALUES (1);

INSERT INTO department (code, dept_name) VALUES 
  ('CPSC', 'Computer Science'),
  ('EGEC', 'Computer Engineering'),
  ('EGEE', 'Electrical Engineering'),
  ('HUM', 'Humanities'),
  ('SOC', 'Sociology'),
  ('PSYC', 'Psychology'),
  ('PHRN', 'Phrenology');

INSERT INTO instructor (id, first_name, last_name) VALUES
  (1, 'John', 'Doe'),
  (2, 'Mary', 'Smith'),
  (3, 'David', 'Johnson'),
  (4, 'Sarah', 'Williams'),
  (5, 'Michael', 'Brown'),
  (6, 'Jennifer', 'Taylor'),
  (7, 'Brian', 'Anderson'),
  (8, 'Laura', 'Clark'),
  (9, 'Matthew', 'Young'),
  (10, 'Karen', 'Hall');

INSERT INTO student (id, first_name, last_name) VALUES 
  (12345678, 'John', 'Doe'),
  (23456789, 'Mary', 'Smith'),
  (34567890, 'David', 'Johnson'),
  (45678901, 'Sarah', 'Williams'),
  (56789012, 'Michael', 'Brown'),
  (67890123, 'Jennifer', 'Taylor'),
  (78901234, 'Brian', 'Anderson'),
  (89012345, 'Laura', 'Clark'),
  (90123456, 'Matthew', 'Young'),
  (10123456, 'Karen', 'Hall'),
  (11123456, 'Jason', 'Davis'),
  (12123456, 'Emma', 'Moore'),
  (13123456, 'Benjamin', 'Allen'),
  (14123456, 'Olivia', 'Baker'),
  (15123456, 'Daniel', 'Perez'),
  (16123456, 'Sophia', 'Nelson'),
  (17123456, 'Jacob', 'Carter'),
  (18123456, 'Megan', 'Rivera'),
  (19123456, 'Nicholas', 'Evans'),
  (20123456, 'Hannah', 'Long'),
  (21123456, 'Logan', 'Garcia'),
  (22123456, 'Ava', 'Foster'),
  (23123456, 'Ethan', 'Hill'),
  (24123456, 'Madison', 'Ward'),
  (25123456, 'William', 'Turner'),
  (26123456, 'Grace', 'Cook'),
  (27123456, 'Jackson', 'Bailey'),
  (28123456, 'Avery', 'Collins'),
  (29123456, 'Dylan', 'Russell'),
  (30123456, 'Sofia', 'Sanders'),
  (31123456, 'Sebastian', 'Reed'),
  (32123456, 'Ella', 'Murphy'),
  (33123456, 'Lucas', 'Barnes'),
  (34123456, 'Chloe', 'Bryant'),
  (35123456, 'Alexander', 'Gomez'),
  (36123456, 'Aria', 'Stewart'),
  (37123456, 'Liam', 'Scott'),
  (38123456, 'Zoe', 'Flores'),
  (39123456, 'Caleb', 'Bennett'),
  (40123456, 'Emma', 'Sanchez'),
  (41123456, 'Nathan', 'Jones'),
  (42123456, 'Grace', 'Rivera'),
  (43123456, 'Landon', 'Gonzalez'),
  (44123456, 'Madelyn', 'Parker'),
  (45123456, 'Henry', 'Rogers'),
  (46123456, 'Addison', 'Wood'),
  (47123456, 'Mohammed', 'Khan'),
  (48123456, 'Ling', 'Wang'),
  (49123456, 'Santiago', 'Lopez'),
  (50123456, 'Aisha', 'Ali'),
  (51123456, 'Ananya', 'Das'),
  (52123456, 'Rahul', 'Patel'),
  (53123456, 'Isabella', 'Garcia'),
  (54123456, 'Chen', 'Li'),
  (55123456, 'Yusuf', 'Ahmed'),
  (56123456, 'Maria', 'Santos'),
  (57123456, 'Ahmed', 'Abdel-Majeed'),
  (58123456, 'Nina', 'Dvořák'),
  (59123456, 'Abdul', 'Kadir'),
  (60123456, 'Yuna', 'Kim'),
  (61123456, 'Jamal', 'Al-Farsi'),
  (62123456, 'Lila', 'Nasri'),
  (63123456, 'Javier', 'Hernandez'),
  (64123456, 'Chihiro', 'Tanaka'),
  (65123456, 'Tariq', 'Aziz'),
  (66123456, 'Yuki', 'Tanaka'),
  (67123456, 'Mei', 'Chen'),
  (68123456, 'Hiroshi', 'Sato'),
  (69123456, 'Sakura', 'Yamamoto'),
  (70123456, 'Li Wei', 'Wang'),
  (71123456, 'Min-Joon', 'Kim'),
  (72123456, 'Rika', 'Nakamura'),
  (73123456, 'Takashi', 'Nakagawa'),
  (74123456, 'Hana', 'Lee'),
  (75123456, 'Chang', 'Chen'),
  (76123456, 'Ying', 'Wu'),
  (77123456, 'Ren', 'Suzuki'),
  (78123456, 'Ji-Yeon', 'Park'),
  (79123456, 'Satoshi', 'Tanaka'),
  (80123456, 'Ying-Hui', 'Wong'),
  (81123456, 'Xia', 'Zhao'),
  (82123456, 'Haruka', 'Saito'),
  (83123456, 'Jun', 'Li'),
  (84123456, 'Yuna', 'Kim'),
  (85123456, 'Rahul', 'Malik'),
  (86123456, 'Alya', 'Rahman'),
  (87123456, 'Anh', 'Nguyen'),
  (88123456, 'Ade', 'Susilo'),
  (89123456, 'Priya', 'Singh'),
  (91123456, 'Bui', 'Tran'),
  (92123456, 'Sanjay', 'Patel'),
  (93123456, 'Meera', 'Kumar'),
  (94123456, 'Lina', 'Santoso'),
  (95123456, 'Nawal', 'Khalid'),
  (96123456, 'Arif', 'Ismail'),
  (97123456, 'Dao', 'Le'),
  (98123456, 'Wira', 'Bunyamin'),
  (99123456, 'Liem', 'Truong'),
  (10012345, 'Nina', 'Sari'),
  (10112345, 'Muhammad', 'Rahman'),
  (10212345, 'Pooja', 'Sharma'),
  (10312345, 'Hafiz', 'Ismail'),
  (10412345, 'Carlos', 'Garcia'),
  (10512345, 'Sofia', 'Lopez'),
  (10612345, 'Mateo', 'Rodriguez'),
  (10712345, 'Isabella', 'Martinez'),
  (10812345, 'Diego', 'Hernandez'),
  (10912345, 'Valentina', 'Gonzalez'),
  (11012345, 'Daniel', 'Diaz'),
  (11112345, 'Gabriela', 'Torres'),
  (11212345, 'Javier', 'Ramirez'),
  (11312345, 'Camila', 'Sanchez'),
  (11412345, 'Lucas', 'Fernandez'),
  (11512345, 'Valeria', 'Gomez'),
  (11612345, 'Eduardo', 'Vasquez'),
  (11712345, 'Mariana', 'Castillo'),
  (11812345, 'Andres', 'Ortega'),
  (11912345, 'Luis', 'Reyes'),
  (12012345, 'Isabel', 'Gutierrez'),
  (12112345, 'Santiago', 'Rojas'),
  (12212345, 'Adriana', 'Mendoza'),
  (12312345, 'Alejandro', 'Fernandez'),
  (12412345, 'Sophia', 'Perez'),
  (12512345, 'Nico', 'Herrera'),
  (12612345, 'Antonia', 'Luna'),
  (12712345, 'Raul', 'Guerrero'),
  (12812345, 'Giselle', 'Dominguez'),
  (12912345, 'Mario', 'Vega'),
  (13012345, 'Emilia', 'Moreno'),
  (11131111, 'Malik', 'Jones'),
  (11131112, 'Keisha', 'Williams'),
  (11131113, 'Jamal', 'Smith'),
  (11131114, 'Aisha', 'Jackson'),
  (11131115, 'Tyrone', 'Davis'),
  (11131116, 'Keisha', 'Thompson'),
  (11131117, 'Malcolm', 'Anderson'),
  (11131118, 'Shanice', 'Brown'),
  (11131119, 'DeAndre', 'Harris'),
  (11131120, 'Tasha', 'Robinson'),
  (11131121, 'Jerome', 'Young'),
  (11131122, 'Keisha', 'Wright'),
  (11131123, 'Malik', 'Thomas'),
  (11131124, 'Tyrone', 'Mitchell'),
  (11131125, 'LaToya', 'Green'),
  (11131126, 'Jamal', 'Johnson'),
  (11131127, 'Kai', 'Carter'),
  (11131128, 'Malcolm', 'King'),
  (11131129, 'Tasha', 'Taylor'),
  (11131130, 'DeAndre', 'Lewis'),
  (11131131, 'Shanice', 'Carter'),
  (11131132, 'Jerome', 'Brown'),
  (11131133, 'Keisha', 'Walker'),
  (11131134, 'Malik', 'Johnson'),
  (11131135, 'Tyrone', 'Brown'),
  (11131136, 'LaToya', 'Smith'),
  (11131137, 'Jamal', 'Thomas'),
  (11131138, 'Malcolm', 'Jones'),
  (11131139, 'Shanice', 'Harris'),
  (11131140, 'Keisha', 'Anderson'),
  (12112346, 'Carlos', 'Martinez'),
  (12112347, 'Ana', 'Gonzalez'),
  (12112348, 'Sofia', 'Perez'),
  (12112349, 'Diego', 'Rodriguez'),
  (12112350, 'Maria', 'Hernandez'),
  (12112351, 'Mateo', 'Gomez'),
  (12112352, 'Lucia', 'Lopez'),
  (12112353, 'Valentina', 'Rodriguez'),
  (12112354, 'Daniel', 'Hernandez'),
  (12112355, 'Emma', 'Gonzalez'),
  (12112356, 'Sebastian', 'Perez'),
  (12112357, 'Sara', 'Gomez'),
  (12112358, 'David', 'Hernandez'),
  (12112359, 'Juliana', 'Lopez'),
  (12112360, 'Samuel', 'Rodriguez'),
  (12112361, 'Alejandra', 'Gonzalez'),
  (12112362, 'Max', 'Perez'),
  (12112363, 'Gabriela', 'Gomez'),
  (12112364, 'Lucas', 'Hernandez'),
  (12112365, 'Nicole', 'Rodriguez'),
  (12112366, 'Matias', 'Perez'),
  (12112367, 'Alonso', 'Gonzalez'),
  (12112368, 'Julia', 'Lopez'),
  (12112369, 'Mariano', 'Rodriguez'),
  (12112370, 'Isabella', 'Gonzalez'),
  (12112371, 'Juan', 'Perez'),
  (12112372, 'Joaquin', 'Gomez'),
  (12112373, 'Agustina', 'Hernandez'),
  (12112374, 'Facundo', 'Rodriguez'),
  (12112375, 'Victoria', 'Gonzalez'),
  (12112376, 'Diego', 'Perez'),
  (12112377, 'Valeria', 'Lopez'),
  (12112378, 'Thiago', 'Rodriguez'),
  (12112379, 'Sofia', 'Gonzalez'),
  (12112380, 'Benjamin', 'Perez'),
  (12112381, 'Antonella', 'Gomez'),
  (12112382, 'Leandro', 'Hernandez'),
  (12112383, 'Martina', 'Rodriguez'),
  (12112384, 'Emilio', 'Gonzalez'),
  (12112385, 'Luciana', 'Perez'),
  (12112386, 'Sophia', 'Lopez'),
  (12112387, 'Dylan', 'Martinez'),
  (12112388, 'Emma', 'Hernandez'),
  (12112389, 'Eliana', 'Gonzalez'),
  (12112390, 'Miguel', 'Perez'),
  (12112391, 'Valentina', 'Rodriguez'),
  (12112392, 'Isabella', 'Gomez'),
  (12112393, 'Adrian', 'Lopez'),
  (12112394, 'Aria', 'Hernandez'),
  (12112395, 'Amelia', 'Martinez'),
  (12112396, 'Diego', 'Perez'),
  (12112397, 'Olivia', 'Rodriguez'),
  (12112398, 'Lucas', 'Gonzalez'),
  (12112399, 'Camila', 'Lopez'),
  (12112400, 'Liam', 'Hernandez'),
  (12112401, 'Emily', 'Perez'),
  (12112402, 'Benjamin', 'Gomez'),
  (12112403, 'Sofia', 'Martinez'),
  (12112404, 'Zoe', 'Rodriguez'),
  (12112405, 'Alexander', 'Lopez'),
  (12112406, 'Aurora', 'Hernandez'),
  (12112407, 'Daniel', 'Gonzalez'),
  (12112408, 'Mila', 'Perez'),
  (12112409, 'Nicholas', 'Rodriguez'),
  (12112410, 'Grace', 'Lopez'),
  (12112411, 'Lucas', 'Hernandez'),
  (12112412, 'Madison', 'Martinez'),
  (12112413, 'Adrian', 'Gomez'),
  (12112414, 'Ariana', 'Perez'),
  (12112415, 'Henry', 'Rodriguez'),
  (12112416, 'Aubrey', 'Lopez'),
  (12112417, 'Elijah', 'Hernandez'),
  (12112418, 'Hannah', 'Gonzalez'),
  (12112419, 'Caleb', 'Martinez'),
  (12112420, 'Natalie', 'Rodriguez'),
  (12112421, 'Aaliyah', 'Lopez'),
  (12112422, 'Jack', 'Hernandez'),
  (12112423, 'Leah', 'Martinez'),
  (12112424, 'David', 'Gonzalez'),
  (12112456, 'Aarav', 'Sharma'),
  (12112457, 'Aanya', 'Patel'),
  (12112458, 'Advait', 'Gupta'),
  (12112459, 'Aishwarya', 'Singh'),
  (12112460, 'Akshay', 'Yadav'),
  (12112461, 'Anaya', 'Sharma'),
  (12112462, 'Aryan', 'Kumar'),
  (12112463, 'Isha', 'Verma'),
  (12112464, 'Kabir', 'Singh'),
  (12112465, 'Krishna', 'Sharma'),
  (12112466, 'Meera', 'Yadav'),
  (12112467, 'Neha', 'Gupta'),
  (12112468, 'Prisha', 'Kumar'),
  (12112469, 'Raj', 'Verma'),
  (12112470, 'Riya', 'Singh'),
  (12112471, 'Rohan', 'Sharma'),
  (12112472, 'Sahil', 'Yadav'),
  (12112473, 'Sanvi', 'Gupta'),
  (12112474, 'Shreya', 'Kumar'),
  (12112475, 'Sia', 'Verma'),
  (12112476, 'Vihaan', 'Singh'),
  (12112477, 'Advika', 'Sharma'),
  (12112478, 'Arya', 'Yadav'),
  (12112479, 'Vivaan', 'Gupta'),
  (12112480, 'Anika', 'Kumar'),
  (12112481, 'Ishant', 'Verma'),
  (12112482, 'Samaira', 'Singh'),
  (12112483, 'Yuvan', 'Sharma'),
  (12112484, 'Ritvi', 'Yadav'),
  (12112485, 'Aryan', 'Gupta'),
  (12112486, 'Kwame', 'Asante'),
  (12112487, 'Amina', 'Diallo'),
  (12112488, 'Chinonso', 'Nwachukwu'),
  (12112489, 'Femi', 'Adeboye'),
  (12112490, 'Kwasi', 'Ofori'),
  (12112491, 'Nia', 'Adeyemi'),
  (12112492, 'Obi', 'Okonkwo'),
  (12112493, 'Simba', 'Nkosi'),
  (12112494, 'Zara', 'Eze'),
  (12112495, 'Adeola', 'Okafor'),
  (12112496, 'Ife', 'Onyekachi'),
  (12112497, 'Lamisi', 'Mensah'),
  (12112498, 'Mohammed', 'Abubakar'),
  (12112499, 'Sekou', 'Kamara'),
  (12112500, 'Tariro', 'Mutasa'),
  (12112501, 'Zanele', 'Ndlovu'),
  (12112502, 'Abena', 'Addo'),
  (12112503, 'Chijioke', 'Okonkwo'),
  (12112504, 'Enitan', 'Balogun'),
  (12112505, 'Jabari', 'Okeke'),
  (12112506, 'Mirembe', 'Lwanga'),
  (12112507, 'Nia', 'Bello'),
  (12112508, 'Omotola', 'Okafor'),
  (12112509, 'Sekai', 'Marufu'),
  (12112510, 'Tariq', 'Obi'),
  (12112511, 'Zuberi', 'Adebayo'),
  (12112512, 'Aisha', 'Nwachukwu'),
  (12112513, 'Chinwe', 'Okafor'),
  (12112514, 'Pedro', 'Ferreira'),
  (12112515, 'Sofia', 'Santos'),
  (12112516, 'Miguel', 'Oliveira'),
  (12112517, 'Inês', 'Silva'),
  (12112518, 'Tiago', 'Pereira'),
  (12112519, 'Carolina', 'Ribeiro'),
  (12112520, 'Rui', 'Gomes'),
  (12112521, 'Mariana', 'Fernandes'),
  (12112522, 'André', 'Sousa'),
  (12112523, 'Beatriz', 'Martins'),
  (12112524, 'João', 'Rodrigues'),
  (12112525, 'Luísa', 'Neves'),
  (12112526, 'Bruno', 'Correia'),
  (12112527, 'Rita', 'Dias'),
  (12112528, 'Hugo', 'Monteiro'),
  (12112529, 'Ana', 'Gonçalves'),
  (12112530, 'Leonardo', 'Carvalho'),
  (12112531, 'Carla', 'Teixeira'),
  (12112532, 'Dinis', 'Araújo'),
  (13112501, 'Aiyana', 'Brown'),
  (13112502, 'Ayita', 'Smith'),
  (13112503, 'Kai', 'Jones'),
  (13112504, 'Migisi', 'Davis'),
  (13112505, 'Tahkeome', 'Taylor'),
  (13112506, 'Winona', 'Wilson'),
  (13112507, 'Zitkala', 'Lewis'),
  (13112508, 'Elu', 'Adams'),
  (13112509, 'Hinto', 'Jackson'),
  (13112510, 'Nina', 'Robinson'),
  (13112511, 'Kiona', 'Moore'),
  (13112512, 'Tatanka', 'Martin'),
  (13112513, 'Tayen', 'White'),
  (13112514, 'Awentia', 'Adams'),
  (13112515, 'Misu', 'Hernandez'),
  (13112516, 'Awena', 'Perez'),
  (13112517, 'Kimi', 'Gonzalez'),
  (13112518, 'Dakota', 'Lopez'),
  (13112519, 'Naira', 'Clark'),
  (13112520, 'Misu', 'Carter'),
  (13112521, 'Inola', 'Barnes'),
  (13112522, 'Aiyana', 'Sanchez'),
  (13112523, 'Mika', 'Perez'),
  (13112524, 'Migisi', 'Thompson'),
  (13112525, 'Awenasa', 'Martin'),
  (13112526, 'Naira', 'Ramirez'),
  (13112527, 'Hinto', 'Gomez'),
  (13112528, 'Tayanita', 'Ward'),
  (13112529, 'Kiona', 'Hernandez'),
  (13112530, 'Elu', 'Young'),
  (14112501, 'Yuki', 'Nakamura'),
  (14112502, 'Kenji', 'Suzuki'),
  (14112503, 'Emi', 'Tanaka'),
  (14112504, 'Hiroshi', 'Kawasaki'),
  (14112505, 'Miyuki', 'Yamamoto'),
  (14112506, 'Takashi', 'Ishikawa'),
  (14112507, 'Aiko', 'Inoue'),
  (14112508, 'Yusuke', 'Kato'),
  (14112509, 'Riko', 'Kobayashi'),
  (14112510, 'Toshiro', 'Ogawa'),
  (14112511, 'Sakura', 'Nishimoto'),
  (14112512, 'Haruki', 'Abe'),
  (14112513, 'Mika', 'Saito'),
  (14112514, 'Ryota', 'Ito'),
  (14112515, 'Eri', 'Mizuki'),
  (14112516, 'Hiroko', 'Yoshida'),
  (14112517, 'Kaito', 'Hayashi'),
  (14112518, 'Yumi', 'Nagano'),
  (14112519, 'Kazuhiro', 'Sakamoto'),
  (14112520, 'Sora', 'Yamada'),
  (14112521, 'Natsumi', 'Arai'),
  (14112522, 'Taichi', 'Fujita'),
  (14112523, 'Rina', 'Okada'),
  (14112524, 'Kazuki', 'Yoshimura'),
  (14112525, 'Yuko', 'Ono'),
  (14112526, 'Haruto', 'Kudo'),
  (14112527, 'Riko', 'Mori'),
  (14112528, 'Tetsuya', 'Takahashi'),
  (14112529, 'Sakura', 'Matsuda'),
  (14112530, 'Yuto', 'Nakagawa'),
  (14112531, 'Mayumi', 'Hasegawa'),
  (14112532, 'Takuma', 'Yamaguchi'),
  (14112533, 'Airi', 'Kondo'),
  (14112534, 'Hiroshi', 'Sasaki'),
  (14112535, 'Mai', 'Kawaguchi'),
  (14112536, 'Takashi', 'Kaneko'),
  (14112537, 'Nana', 'Tamura'),
  (14112538, 'Kazuki', 'Aoki'),
  (14112539, 'Yumi', 'Ishii'),
  (14113001, 'Amina', 'Ahmed'),
  (14113002, 'Zayd', 'Ali'),
  (14113003, 'Yasmin', 'Aziz'),
  (14113004, 'Hassan', 'Choudhury'),
  (14113005, 'Laila', 'El-Sayed'),
  (14113006, 'Ibrahim', 'Fahim'),
  (14113007, 'Ayesha', 'Haq'),
  (14113008, 'Khalid', 'Hassan'),
  (14113009, 'Jamila', 'Hussein'),
  (14113010, 'Karim', 'Iqbal'),
  (14113011, 'Farah', 'Khan'),
  (14113012, 'Nadia', 'Malik'),
  (14113013, 'Tariq', 'Mohammed'),
  (14113014, 'Aisha', 'Nasser'),
  (14113015, 'Omar', 'Qureshi'),
  (14113016, 'Yusuf', 'Rahman'),
  (14113017, 'Sana', 'Siddiqui'),
  (14113018, 'Salma', 'Saleh'),
  (14113019, 'Bilal', 'Sultan'),
  (14113020, 'Fatima', 'Tariq'),
  (14113021, 'Imran', 'Yousef'),
  (14113022, 'Leila', 'Abbas'),
  (14113023, 'Rashid', 'Alam'),
  (14113024, 'Amir', 'Bashir'),
  (14113025, 'Nadia', 'Chaudhry'),
  (14113026, 'Amin', 'Dawood'),
  (14113027, 'Faisal', 'Elamin'),
  (14113028, 'Ayesha', 'Farooqi'),
  (14113029, 'Kareem', 'Ghani'),
  (14113030, 'Sadia', 'Haque'),
  (14113031, 'Nabeel', 'Islam'),
  (14113032, 'Mona', 'Jabbar'),
  (14113033, 'Rahim', 'Kareem'),
  (14113034, 'Ali', 'Khan'),
  (14113035, 'Sara', 'Mahmood'),
  (14113036, 'Omar', 'Najjar'),
  (14113037, 'Amira', 'Qazi'),
  (14113038, 'Samir', 'Rashid'),
  (14113039, 'Layla', 'Siddique'),
  (14113040, 'Youssef', 'Yasin');

INSERT INTO course (department_code, course_no, title) VALUES 
  ('CPSC', 101, 'Introduction to Computer Science'),
  ('CPSC', 201, 'Data Structures and Algorithms'),
  ('EGEC', 301, 'Digital Circuits'),
  ('EGEE', 401, 'Electromagnetic Fields and Waves'),
  ('HUM', 101, 'Introduction to Literature'),
  ('HUM', 201, 'World History'),
  ('SOC', 301, 'Sociological Theories'),
  ('PHRN', 101, 'Introduction to Phrenology');

INSERT INTO section (id, dept_code, course_num, section_no, academic_year, semester, instructor_id, room_num, room_capacity, course_start_date, enrollment_start, enrollment_end) VALUES 
  (1, 'CPSC', 101, 1, 2023, 'SU', 1, 101, 30, '2023-06-12', '2023-06-01 09:00:00', '2023-06-15 17:00:00'),
  (2, 'CPSC', 201, 1, 2023, 'FA', 2, 102, 25, '2023-09-05', '2023-08-20 09:00:00', '2023-09-25 17:00:00'),
  (3, 'EGEC', 301, 1, 2023, 'SU', 3, 201, 20, '2023-06-12', '2023-05-30 09:00:00', '2023-06-15 17:00:00'),
  (4, 'EGEE', 401, 1, 2023, 'FA', 4, 202, 15, '2023-09-05', '2023-08-20 09:00:00', '2023-09-25 17:00:00'),
  (5, 'HUM', 101, 1, 2023, 'SU', 7, 401, 25, '2023-06-12', '2023-05-30 09:00:00', '2023-06-15 17:00:00'),
  (6, 'HUM', 201, 1, 2023, 'SU', 8, 402, 20, '2023-06-12', '2023-05-30 09:00:00', '2023-06-15 17:00:00'),
  (7, 'SOC', 301, 1, 2023, 'FA', 9, 501, 18, '2023-09-05', '2023-08-20 09:00:00', '2023-09-25 17:00:00'),
  (8, 'PHRN', 101, 1, 2023, 'SU', 10, 601, 20, '2023-06-12', '2023-05-30 09:00:00', '2023-06-15 17:00:00'),
  (9, 'CPSC', 101, 2, 2023, 'FA', 3, 102, 20, '2023-09-05', '2023-08-20 09:00:00', '2023-09-25 17:00:00'),
  (10, 'CPSC', 201, 2, 2023, 'FA', 4, 103, 18, '2023-09-05', '2023-08-20 09:00:00', '2023-09-25 17:00:00'),
  (11, 'EGEC', 301, 2, 2023, 'FA', 5, 202, 22, '2023-09-05', '2023-08-20 09:00:00', '2023-09-25 17:00:00'),
  (12, 'EGEE', 401, 2, 2023, 'FA', 6, 203, 15, '2023-09-05', '2023-08-20 09:00:00', '2023-09-25 17:00:00'),
  (13, 'HUM', 101, 2, 2023, 'FA', 7, 402, 25, '2023-09-05', '2023-08-20 09:00:00', '2023-09-25 17:00:00'),
  (14, 'HUM', 201, 2, 2023, 'FA', 8, 403, 20, '2023-10-05', '2023-10-01 09:00:00', '2023-10-25 17:00:00'),
  (15, 'PHRN', 101, 2, 2023, 'FA', 9, 501, 20, '2023-10-05', '2023-10-01 09:00:00', '2023-10-25 17:00:00'),
  (16, 'PHRN', 101, 2, 2024, 'SP', 9, 501, 20, '2024-01-31', '2023-10-01 09:00:00', '2024-02-15 17:00:00');;

INSERT INTO enrollment (section_id, student_id, enrollment_date) VALUES 
  (2, 12345678, '2023-08-21 09:00:00'),
  (2, 23456789, '2023-08-22 09:00:00'),
  (2, 34567890, '2023-08-23 09:00:00'),
  (2, 45678901, '2023-08-24 09:00:00'),
  (2, 56789012, '2023-08-25 09:00:00'),
  (2, 67890123, '2023-08-21 09:30:00'),
  (2, 78901234, '2023-08-27 09:40:00'),
  (2, 89012345, '2023-08-21 09:50:00'),
  (2, 90123456, '2023-08-25 09:10:00'),
  (2, 10123456, '2023-08-21 09:20:00'),
  (2, 11123456, '2023-08-24 09:15:00'),
  (2, 12123456, '2023-08-22 09:10:00'),
  (2, 12112364, '2023-08-20 09:00:00'),
  (2, 12112365, '2023-08-21 10:30:00'),
  (2, 12112367, '2023-08-22 14:45:00'),
  (2, 12112368, '2023-08-23 11:20:00'),
  (2, 12112369, '2023-08-24 16:05:00'),
  (2, 12112370, '2023-08-25 13:10:00'),
  (2, 12112371, '2023-08-26 09:30:00'),
  (2, 12112372, '2023-08-27 15:20:00'),
  (2, 12112373, '2023-08-28 10:45:00'),
  (2, 12112374, '2023-08-29 12:55:00'),
  (2, 12112375, '2023-08-30 14:00:00'),
  (2, 12112376, '2023-08-21 16:30:00'),
  (2, 12112378, '2023-08-22 11:15:00'),
  (2, 12112379, '2023-08-23 10:00:00'),
  (2, 12112380, '2023-08-24 13:45:00'),
  (2, 12112381, '2023-08-25 15:55:00'),
  (2, 12112382, '2023-08-26 12:20:00'),
  (2, 12112383, '2023-08-27 14:10:00'),
  (16, 12112383, '2023-10-30 14:10:00');;

INSERT INTO waitlist (section_id, student_id, waitlist_date) VALUES
  (2, 65123456, '2023-08-28 09:00:00'),
  (2, 73123456, '2023-08-28 10:00:00'),
  (2, 76123456, '2023-08-28 11:30:00'),
  (2, 68123456, '2023-08-29 09:40:00'),
  (2, 85123456, '2023-08-29 09:50:00');

INSERT INTO droplist (section_id, student_id, drop_date) VALUES 
  (2, 65123456, '2023-08-24 09:00:00'),
  (2, 73123456, '2023-08-25 10:00:00'),
  (2, 76123456, '2023-08-27 11:30:00'),
  (2, 68123456, '2023-08-28 09:40:00'),
  (2, 85123456, '2023-08-29 09:50:00');
COMMIT;