-- PRAGMA journal_mode = WAL;
PRAGMA foreign_keys = ON;
BEGIN TRANSACTION;

INSERT INTO configs (automatic_enrollment) VALUES (1);

INSERT INTO department (code, dept_name)
VALUES ('CPSC', 'Computer Science'),
  ('EGEC', 'Computer Engineering'),
  ('EGEE', 'Electrical Engineering'),
  ('HUM', 'Humanities'),
  ('SOC', 'Sociology'),
  ('PSYC', 'Psychology'),
  ('PHRN', 'Phrenology');

INSERT INTO instructor (id, first_name, last_name, email, phone) VALUES
  (1, 'John', 'Doe', 'john.doe@gmail.com', 4155551234),
  (2, 'Mary', 'Smith', 'mary.smith@yahoo.com', 4155555678),
  (3, 'David', 'Johnson', 'david.johnson@outlook.com', 4155558765),
  (4, 'Sarah', 'Williams', 'sarah.williams@email.com', 4155554321),
  (5, 'Michael', 'Brown', 'michael.brown@hotmail.com', 4155557890),
  (6, 'Jennifer', 'Taylor', 'jennifer.taylor@email.com', 4155556543),
  (7, 'Brian', 'Anderson', 'brian.anderson@gmail.com', 4155559876),
  (8, 'Laura', 'Clark', 'laura.clark@yahoo.com', 4155552109),
  (9, 'Matthew', 'Young', 'matthew.young@email.com', 4155558762),
  (10, 'Karen', 'Hall', 'karen.hall@hotmail.com', 4155555555);

INSERT INTO student (id, first_name, last_name, email) VALUES 
  (12345678, 'John', 'Doe', 'john.doe@example.com'),
  (23456789, 'Mary', 'Smith', 'mary.smith@example.com'),
  (34567890, 'David', 'Johnson', 'david.johnson@example.com'),
  (45678901, 'Sarah', 'Williams', 'sarah.williams@example.com'),
  (56789012, 'Michael', 'Brown', 'michael.brown@example.com'),
  (67890123, 'Jennifer', 'Taylor', 'jennifer.taylor@example.com'),
  (78901234, 'Brian', 'Anderson', 'brian.anderson@example.com'),
  (89012345, 'Laura', 'Clark', 'laura.clark@example.com'),
  (90123456, 'Matthew', 'Young', 'matthew.young@example.com'),
  (10123456, 'Karen', 'Hall', 'karen.hall@example.com'),
  (11123456, 'Jason', 'Davis', 'jason.davis@example.com'),
  (12123456, 'Emma', 'Moore', 'emma.moore@example.com'),
  (13123456, 'Benjamin', 'Allen', 'benjamin.allen@example.com'),
  (14123456, 'Olivia', 'Baker', 'olivia.baker@example.com'),
  (15123456, 'Daniel', 'Perez', 'daniel.perez@example.com'),
  (16123456, 'Sophia', 'Nelson', 'sophia.nelson@example.com'),
  (17123456, 'Jacob', 'Carter', 'jacob.carter@example.com'),
  (18123456, 'Megan', 'Rivera', 'megan.rivera@example.com'),
  (19123456, 'Nicholas', 'Evans', 'nicholas.evans@example.com'),
  (20123456, 'Hannah', 'Long', 'hannah.long@example.com'),
  (21123456, 'Logan', 'Garcia', 'logan.garcia@example.com'),
  (22123456, 'Ava', 'Foster', 'ava.foster@example.com'),
  (23123456, 'Ethan', 'Hill', 'ethan.hill@example.com'),
  (24123456, 'Madison', 'Ward', 'madison.ward@example.com'),
  (25123456, 'William', 'Turner', 'william.turner@example.com'),
  (26123456, 'Grace', 'Cook', 'grace.cook@example.com'),
  (27123456, 'Jackson', 'Bailey', 'jackson.bailey@example.com'),
  (28123456, 'Avery', 'Collins', 'avery.collins@example.com'),
  (29123456, 'Dylan', 'Russell', 'dylan.russell@example.com'),
  (30123456, 'Sofia', 'Sanders', 'sofia.sanders@example.com'),
  (31123456, 'Sebastian', 'Reed', 'sebastian.reed@example.com'),
  (32123456, 'Ella', 'Murphy', 'ella.murphy@example.com'),
  (33123456, 'Lucas', 'Barnes', 'lucas.barnes@example.com'),
  (34123456, 'Chloe', 'Bryant', 'chloe.bryant@example.com'),
  (35123456, 'Alexander', 'Gomez', 'alexander.gomez@example.com'),
  (36123456, 'Aria', 'Stewart', 'aria.stewart@example.com'),
  (37123456, 'Liam', 'Scott', 'liam.scott@example.com'),
  (38123456, 'Zoe', 'Flores', 'zoe.flores@example.com'),
  (39123456, 'Caleb', 'Bennett', 'caleb.bennett@example.com'),
  (40123456, 'Emma', 'Sanchez', 'emma.sanchez@example.com'),
  (41123456, 'Nathan', 'Jones', 'nathan.jones@example.com'),
  (42123456, 'Grace', 'Rivera', 'grace.rivera@example.com'),
  (43123456, 'Landon', 'Gonzalez', 'landon.gonzalez@example.com'),
  (44123456, 'Madelyn', 'Parker', 'madelyn.parker@example.com'),
  (45123456, 'Henry', 'Rogers', 'henry.rogers@example.com'),
  (46123456, 'Addison', 'Wood', 'addison.wood@example.com'),
  (47123456, 'Mohammed', 'Khan', 'mohammed.khan@example.com'),
  (48123456, 'Ling', 'Wang', 'ling.wang@example.com'),
  (49123456, 'Santiago', 'Lopez', 'santiago.lopez@example.com'),
  (50123456, 'Aisha', 'Ali', 'aisha.ali@example.com'),
  (51123456, 'Ananya', 'Das', 'ananya.das@example.com'),
  (52123456, 'Rahul', 'Patel', 'rahul.patel@example.com'),
  (53123456, 'Isabella', 'Garcia', 'isabella.garcia@example.com'),
  (54123456, 'Chen', 'Li', 'chen.li@example.com'),
  (55123456, 'Yusuf', 'Ahmed', 'yusuf.ahmed@example.com'),
  (56123456, 'Maria', 'Santos', 'maria.santos@example.com'),
  (57123456, 'Ahmed', 'Abdel-Majeed', 'ahmed.abdelmajeed@example.com'),
  (58123456, 'Nina', 'Dvořák', 'nina.dvorak@example.com'),
  (59123456, 'Abdul', 'Kadir', 'abdul.kadir@example.com'),
  (60123456, 'Yuna', 'Kim', 'yuna.kim@example.com'),
  (61123456, 'Jamal', 'Al-Farsi', 'jamal.alfarsi@example.com'),
  (62123456, 'Lila', 'Nasri', 'lila.nasri@example.com'),
  (63123456, 'Javier', 'Hernandez', 'javier.hernandez@example.com'),
  (64123456, 'Chihiro', 'Tanaka', 'chihiro.tanaka@example.com'),
  (65123456, 'Tariq', 'Aziz', 'tariq.aziz@example.com'),
  (66123456, 'Yuki', 'Tanaka', 'yuki.tanaka@example.com'),
  (67123456, 'Mei', 'Chen', 'mei.chen@example.com'),
  (68123456, 'Hiroshi', 'Sato', 'hiroshi.sato@example.com'),
  (69123456, 'Sakura', 'Yamamoto', 'sakura.yamamoto@example.com'),
  (70123456, 'Li Wei', 'Wang', 'liwei.wang@example.com'),
  (71123456, 'Min-Joon', 'Kim', 'minjoon.kim@example.com'),
  (72123456, 'Rika', 'Nakamura', 'rika.nakamura@example.com'),
  (73123456, 'Takashi', 'Nakagawa', 'takashi.nakagawa@example.com'),
  (74123456, 'Hana', 'Lee', 'hana.lee@example.com'),
  (75123456, 'Chang', 'Chen', 'chang.chen@example.com'),
  (76123456, 'Ying', 'Wu', 'ying.wu@example.com'),
  (77123456, 'Ren', 'Suzuki', 'ren.suzuki@example.com'),
  (78123456, 'Ji-Yeon', 'Park', 'jiyeon.park@example.com'),
  (79123456, 'Satoshi', 'Tanaka', 'satoshi.tanaka@example.com'),
  (80123456, 'Ying-Hui', 'Wong', 'yinghui.wong@example.com'),
  (81123456, 'Xia', 'Zhao', 'xia.zhao@example.com'),
  (82123456, 'Haruka', 'Saito', 'haruka.saito@example.com'),
  (83123456, 'Jun', 'Li', 'jun.li@example.com'),
  (84123456, 'Yuna', 'Kim', 'yuna.kim@example.com'),
  (85123456, 'Rahul', 'Malik', 'rahul.malik@example.com'),
  (86123456, 'Alya', 'Rahman', 'alya.rahman@example.com'),
  (87123456, 'Anh', 'Nguyen', 'anh.nguyen@example.com'),
  (88123456, 'Ade', 'Susilo', 'ade.susilo@example.com'),
  (89123456, 'Priya', 'Singh', 'priya.singh@example.com'),
  (91123456, 'Bui', 'Tran', 'bui.tran@example.com'),
  (92123456, 'Sanjay', 'Patel', 'sanjay.patel@example.com'),
  (93123456, 'Meera', 'Kumar', 'meera.kumar@example.com'),
  (94123456, 'Lina', 'Santoso', 'lina.santoso@example.com'),
  (95123456, 'Nawal', 'Khalid', 'nawal.khalid@example.com'),
  (96123456, 'Arif', 'Ismail', 'arif.ismail@example.com'),
  (97123456, 'Dao', 'Le', 'dao.le@example.com'),
  (98123456, 'Wira', 'Bunyamin', 'wira.bunyamin@example.com'),
  (99123456, 'Liem', 'Truong', 'liem.truong@example.com'),
  (10012345, 'Nina', 'Sari', 'nina.sari@example.com'),
  (10112345, 'Muhammad', 'Rahman', 'muhammad.rahman@example.com'),
  (10212345, 'Pooja', 'Sharma', 'pooja.sharma@example.com'),
  (10312345, 'Hafiz', 'Ismail', 'hafiz.ismail@example.com'),
  (10412345, 'Carlos', 'Garcia', 'carlos.garcia@example.com'),
  (10512345, 'Sofia', 'Lopez', 'sofia.lopez@example.com'),
  (10612345, 'Mateo', 'Rodriguez', 'mateo.rodriguez@example.com'),
  (10712345, 'Isabella', 'Martinez', 'isabella.martinez@example.com'),
  (10812345, 'Diego', 'Hernandez', 'diego.hernandez@example.com'),
  (10912345, 'Valentina', 'Gonzalez', 'valentina.gonzalez@example.com'),
  (11012345, 'Daniel', 'Diaz', 'daniel.diaz@example.com'),
  (11112345, 'Gabriela', 'Torres', 'gabriela.torres@example.com'),
  (11212345, 'Javier', 'Ramirez', 'javier.ramirez@example.com'),
  (11312345, 'Camila', 'Sanchez', 'camila.sanchez@example.com'),
  (11412345, 'Lucas', 'Fernandez', 'lucas.fernandez@example.com'),
  (11512345, 'Valeria', 'Gomez', 'valeria.gomez@example.com'),
  (11612345, 'Eduardo', 'Vasquez', 'eduardo.vasquez@example.com'),
  (11712345, 'Mariana', 'Castillo', 'mariana.castillo@example.com'),
  (11812345, 'Andres', 'Ortega', 'andres.ortega@example.com'),
  (11912345, 'Luis', 'Reyes', 'luis.reyes@example.com'),
  (12012345, 'Isabel', 'Gutierrez', 'isabel.gutierrez@example.com'),
  (12112345, 'Santiago', 'Rojas', 'santiago.rojas@example.com'),
  (12212345, 'Adriana', 'Mendoza', 'adriana.mendoza@example.com'),
  (12312345, 'Alejandro', 'Fernandez', 'alejandro.fernandez@example.com'),
  (12412345, 'Sophia', 'Perez', 'sophia.perez@example.com'),
  (12512345, 'Nico', 'Herrera', 'nico.herrera@example.com'),
  (12612345, 'Antonia', 'Luna', 'antonia.luna@example.com'),
  (12712345, 'Raul', 'Guerrero', 'raul.guerrero@example.com'),
  (12812345, 'Giselle', 'Dominguez', 'giselle.dominguez@example.com'),
  (12912345, 'Mario', 'Vega', 'mario.vega@example.com'),
  (13012345, 'Emilia', 'Moreno', 'emilia.moreno@example.com'),
  (11131111, 'Malik', 'Jones', 'malik.jones@example.com'),
  (11131112, 'Keisha', 'Williams', 'keisha.williams@example.com'),
  (11131113, 'Jamal', 'Smith', 'jamal.smith@example.com'),
  (11131114, 'Aisha', 'Jackson', 'aisha.jackson@example.com'),
  (11131115, 'Tyrone', 'Davis', 'tyrone.davis@example.com'),
  (11131116, 'Keisha', 'Thompson', 'keisha.thompson@example.com'),
  (11131117, 'Malcolm', 'Anderson', 'malcolm.anderson@example.com'),
  (11131118, 'Shanice', 'Brown', 'shanice.brown@example.com'),
  (11131119, 'DeAndre', 'Harris', 'deandre.harris@example.com'),
  (11131120, 'Tasha', 'Robinson', 'tasha.robinson@example.com'),
  (11131121, 'Jerome', 'Young', 'jerome.young@example.com'),
  (11131122, 'Keisha', 'Wright', 'keisha.wright@example.com'),
  (11131123, 'Malik', 'Thomas', 'malik.thomas@example.com'),
  (11131124, 'Tyrone', 'Mitchell', 'tyrone.mitchell@example.com'),
  (11131125, 'LaToya', 'Green', 'latoya.green@example.com'),
  (11131126, 'Jamal', 'Johnson', 'jamal.johnson@example.com'),
  (11131127, 'Kai', 'Carter', 'kai.carter@example.com'),
  (11131128, 'Malcolm', 'King', 'malcolm.king@example.com'),
  (11131129, 'Tasha', 'Taylor', 'tasha.taylor@example.com'),
  (11131130, 'DeAndre', 'Lewis', 'deandre.lewis@example.com'),
  (11131131, 'Shanice', 'Carter', 'shanice.carter@example.com'),
  (11131132, 'Jerome', 'Brown', 'jerome.brown@example.com'),
  (11131133, 'Keisha', 'Walker', 'keisha.walker@example.com'),
  (11131134, 'Malik', 'Johnson', 'malik.johnson@example.com'),
  (11131135, 'Tyrone', 'Brown', 'tyrone.brown@example.com'),
  (11131136, 'LaToya', 'Smith', 'latoya.smith@example.com'),
  (11131137, 'Jamal', 'Thomas', 'jamal.thomas@example.com'),
  (11131138, 'Malcolm', 'Jones', 'malcolm.jones@example.com'),
  (11131139, 'Shanice', 'Harris', 'shanice.harris@example.com'),
  (11131140, 'Keisha', 'Anderson', 'keisha.anderson@example.com'),
  (12112346, 'Carlos', 'Martinez', 'carlos.martinez@example.com'),
  (12112347, 'Ana', 'Gonzalez', 'ana.gonzalez@example.com'),
  (12112348, 'Sofia', 'Perez', 'sofia.perez@example.com'),
  (12112349, 'Diego', 'Rodriguez', 'diego.rodriguez@example.com'),
  (12112350, 'Maria', 'Hernandez', 'maria.hernandez@example.com'),
  (12112351, 'Mateo', 'Gomez', 'mateo.gomez@example.com'),
  (12112352, 'Lucia', 'Lopez', 'lucia.lopez@example.com'),
  (12112353, 'Valentina', 'Rodriguez', 'valentina.rodriguez@example.com'),
  (12112354, 'Daniel', 'Hernandez', 'daniel.hernandez@example.com'),
  (12112355, 'Emma', 'Gonzalez', 'emma.gonzalez@example.com'),
  (12112356, 'Sebastian', 'Perez', 'sebastian.perez@example.com'),
  (12112357, 'Sara', 'Gomez', 'sara.gomez@example.com'),
  (12112358, 'David', 'Hernandez', 'david.hernandez@example.com'),
  (12112359, 'Juliana', 'Lopez', 'juliana.lopez@example.com'),
  (12112360, 'Samuel', 'Rodriguez', 'samuel.rodriguez@example.com'),
  (12112361, 'Alejandra', 'Gonzalez', 'alejandra.gonzalez@example.com'),
  (12112362, 'Max', 'Perez', 'max.perez@example.com'),
  (12112363, 'Gabriela', 'Gomez', 'gabriela.gomez@example.com'),
  (12112364, 'Lucas', 'Hernandez', 'lucas.hernandez@example.com'),
  (12112365, 'Nicole', 'Rodriguez', 'nicole.rodriguez@example.com'),
  (12112366, 'Matias', 'Perez', 'matias.perez@example.com'),
  (12112367, 'Alonso', 'Gonzalez', 'alonso.gonzalez@example.com'),
  (12112368, 'Julia', 'Lopez', 'julia.lopez@example.com'),
  (12112369, 'Mariano', 'Rodriguez', 'mariano.rodriguez@example.com'),
  (12112370, 'Isabella', 'Gonzalez', 'isabella.gonzalez@example.com'),
  (12112371, 'Juan', 'Perez', 'juan.perez@example.com'),
  (12112372, 'Joaquin', 'Gomez', 'joaquin.gomez@example.com'),
  (12112373, 'Agustina', 'Hernandez', 'agustina.hernandez@example.com'),
  (12112374, 'Facundo', 'Rodriguez', 'facundo.rodriguez@example.com'),
  (12112375, 'Victoria', 'Gonzalez', 'victoria.gonzalez@example.com'),
  (12112376, 'Diego', 'Perez', 'diego.perez@example.com'),
  (12112377, 'Valeria', 'Lopez', 'valeria.lopez@example.com'),
  (12112378, 'Thiago', 'Rodriguez', 'thiago.rodriguez@example.com'),
  (12112379, 'Sofia', 'Gonzalez', 'sofia.gonzalez@example.com'),
  (12112380, 'Benjamin', 'Perez', 'benjamin.perez@example.com'),
  (12112381, 'Antonella', 'Gomez', 'antonella.gomez@example.com'),
  (12112382, 'Leandro', 'Hernandez', 'leandro.hernandez@example.com'),
  (12112383, 'Martina', 'Rodriguez', 'martina.rodriguez@example.com'),
  (12112384, 'Emilio', 'Gonzalez', 'emilio.gonzalez@example.com'),
  (12112385, 'Luciana', 'Perez', 'luciana.perez@example.com'),
  (12112386, 'Sophia', 'Lopez', 'sophia.lopez@example.com'),
  (12112387, 'Dylan', 'Martinez', 'dylan.martinez@example.com'),
  (12112388, 'Emma', 'Hernandez', 'emma.hernandez@example.com'),
  (12112389, 'Eliana', 'Gonzalez', 'eliana.gonzalez@example.com'),
  (12112390, 'Miguel', 'Perez', 'miguel.perez@example.com'),
  (12112391, 'Valentina', 'Rodriguez', 'valentina.rodriguez@example.com'),
  (12112392, 'Isabella', 'Gomez', 'isabella.gomez@example.com'),
  (12112393, 'Adrian', 'Lopez', 'adrian.lopez@example.com'),
  (12112394, 'Aria', 'Hernandez', 'aria.hernandez@example.com'),
  (12112395, 'Amelia', 'Martinez', 'amelia.martinez@example.com'),
  (12112396, 'Diego', 'Perez', 'diego.perez@example.com'),
  (12112397, 'Olivia', 'Rodriguez', 'olivia.rodriguez@example.com'),
  (12112398, 'Lucas', 'Gonzalez', 'lucas.gonzalez@example.com'),
  (12112399, 'Camila', 'Lopez', 'camila.lopez@example.com'),
  (12112400, 'Liam', 'Hernandez', 'liam.hernandez@example.com'),
  (12112401, 'Emily', 'Perez', 'emily.perez@example.com'),
  (12112402, 'Benjamin', 'Gomez', 'benjamin.gomez@example.com'),
  (12112403, 'Sofia', 'Martinez', 'sofia.martinez@example.com'),
  (12112404, 'Zoe', 'Rodriguez', 'zoe.rodriguez@example.com'),
  (12112405, 'Alexander', 'Lopez', 'alexander.lopez@example.com'),
  (12112406, 'Aurora', 'Hernandez', 'aurora.hernandez@example.com'),
  (12112407, 'Daniel', 'Gonzalez', 'daniel.gonzalez@example.com'),
  (12112408, 'Mila', 'Perez', 'mila.perez@example.com'),
  (12112409, 'Nicholas', 'Rodriguez', 'nicholas.rodriguez@example.com'),
  (12112410, 'Grace', 'Lopez', 'grace.lopez@example.com'),
  (12112411, 'Lucas', 'Hernandez', 'lucas.hernandez@example.com'),
  (12112412, 'Madison', 'Martinez', 'madison.martinez@example.com'),
  (12112413, 'Adrian', 'Gomez', 'adrian.gomez@example.com'),
  (12112414, 'Ariana', 'Perez', 'ariana.perez@example.com'),
  (12112415, 'Henry', 'Rodriguez', 'henry.rodriguez@example.com'),
  (12112416, 'Aubrey', 'Lopez', 'aubrey.lopez@example.com'),
  (12112417, 'Elijah', 'Hernandez', 'elijah.hernandez@example.com'),
  (12112418, 'Hannah', 'Gonzalez', 'hannah.gonzalez@example.com'),
  (12112419, 'Caleb', 'Martinez', 'caleb.martinez@example.com'),
  (12112420, 'Natalie', 'Rodriguez', 'natalie.rodriguez@example.com'),
  (12112421, 'Aaliyah', 'Lopez', 'aaliyah.lopez@example.com'),
  (12112422, 'Jack', 'Hernandez', 'jack.hernandez@example.com'),
  (12112423, 'Leah', 'Martinez', 'leah.martinez@example.com'),
  (12112424, 'David', 'Gonzalez', 'david.gonzalez@example.com'),
  (12112456, 'Aarav', 'Sharma', 'aarav.sharma@example.com'),
  (12112457, 'Aanya', 'Patel', 'aanya.patel@example.com'),
  (12112458, 'Advait', 'Gupta', 'advait.gupta@example.com'),
  (12112459, 'Aishwarya', 'Singh', 'aishwarya.singh@example.com'),
  (12112460, 'Akshay', 'Yadav', 'akshay.yadav@example.com'),
  (12112461, 'Anaya', 'Sharma', 'anaya.sharma@example.com'),
  (12112462, 'Aryan', 'Kumar', 'aryan.kumar@example.com'),
  (12112463, 'Isha', 'Verma', 'isha.verma@example.com'),
  (12112464, 'Kabir', 'Singh', 'kabir.singh@example.com'),
  (12112465, 'Krishna', 'Sharma', 'krishna.sharma@example.com'),
  (12112466, 'Meera', 'Yadav', 'meera.yadav@example.com'),
  (12112467, 'Neha', 'Gupta', 'neha.gupta@example.com'),
  (12112468, 'Prisha', 'Kumar', 'prisha.kumar@example.com'),
  (12112469, 'Raj', 'Verma', 'raj.verma@example.com'),
  (12112470, 'Riya', 'Singh', 'riya.singh@example.com'),
  (12112471, 'Rohan', 'Sharma', 'rohan.sharma@example.com'),
  (12112472, 'Sahil', 'Yadav', 'sahil.yadav@example.com'),
  (12112473, 'Sanvi', 'Gupta', 'sanvi.gupta@example.com'),
  (12112474, 'Shreya', 'Kumar', 'shreya.kumar@example.com'),
  (12112475, 'Sia', 'Verma', 'sia.verma@example.com'),
  (12112476, 'Vihaan', 'Singh', 'vihaan.singh@example.com'),
  (12112477, 'Advika', 'Sharma', 'advika.sharma@example.com'),
  (12112478, 'Arya', 'Yadav', 'arya.yadav@example.com'),
  (12112479, 'Vivaan', 'Gupta', 'vivaan.gupta@example.com'),
  (12112480, 'Anika', 'Kumar', 'anika.kumar@example.com'),
  (12112481, 'Ishant', 'Verma', 'ishant.verma@example.com'),
  (12112482, 'Samaira', 'Singh', 'samaira.singh@example.com'),
  (12112483, 'Yuvan', 'Sharma', 'yuvan.sharma@example.com'),
  (12112484, 'Ritvi', 'Yadav', 'ritvi.yadav@example.com'),
  (12112485, 'Aryan', 'Gupta', 'aryan.gupta@example.com'),
  (12112486, 'Kwame', 'Asante', 'kwame.asante@example.com'),
  (12112487, 'Amina', 'Diallo', 'amina.diallo@example.com'),
  (12112488, 'Chinonso', 'Nwachukwu', 'chinonso.nwachukwu@example.com'),
  (12112489, 'Femi', 'Adeboye', 'femi.adeboye@example.com'),
  (12112490, 'Kwasi', 'Ofori', 'kwasi.ofori@example.com'),
  (12112491, 'Nia', 'Adeyemi', 'nia.adeyemi@example.com'),
  (12112492, 'Obi', 'Okonkwo', 'obi.okonkwo@example.com'),
  (12112493, 'Simba', 'Nkosi', 'simba.nkosi@example.com'),
  (12112494, 'Zara', 'Eze', 'zara.eze@example.com'),
  (12112495, 'Adeola', 'Okafor', 'adeola.okafor@example.com'),
  (12112496, 'Ife', 'Onyekachi', 'ife.onyekachi@example.com'),
  (12112497, 'Lamisi', 'Mensah', 'lamisi.mensah@example.com'),
  (12112498, 'Mohammed', 'Abubakar', 'mohammed.abubakar@example.com'),
  (12112499, 'Sekou', 'Kamara', 'sekou.kamara@example.com'),
  (12112500, 'Tariro', 'Mutasa', 'tariro.mutasa@example.com'),
  (12112501, 'Zanele', 'Ndlovu', 'zanele.ndlovu@example.com'),
  (12112502, 'Abena', 'Addo', 'abena.addo@example.com'),
  (12112503, 'Chijioke', 'Okonkwo', 'chijioke.okonkwo@example.com'),
  (12112504, 'Enitan', 'Balogun', 'enitan.balogun@example.com'),
  (12112505, 'Jabari', 'Okeke', 'jabari.okeke@example.com'),
  (12112506, 'Mirembe', 'Lwanga', 'mirembe.lwanga@example.com'),
  (12112507, 'Nia', 'Bello', 'nia.bello@example.com'),
  (12112508, 'Omotola', 'Okafor', 'omotola.okafor@example.com'),
  (12112509, 'Sekai', 'Marufu', 'sekai.marufu@example.com'),
  (12112510, 'Tariq', 'Obi', 'tariq.obi@example.com'),
  (12112511, 'Zuberi', 'Adebayo', 'zuberi.adebayo@example.com'),
  (12112512, 'Aisha', 'Nwachukwu', 'aisha.nwachukwu@example.com'),
  (12112513, 'Chinwe', 'Okafor', 'chinwe.okafor@example.com'),
  (12112514, 'Pedro', 'Ferreira', 'pedro.ferreira@example.com'),
  (12112515, 'Sofia', 'Santos', 'sofia.santos@example.com'),
  (12112516, 'Miguel', 'Oliveira', 'miguel.oliveira@example.com'),
  (12112517, 'Inês', 'Silva', 'ines.silva@example.com'),
  (12112518, 'Tiago', 'Pereira', 'tiago.pereira@example.com'),
  (12112519, 'Carolina', 'Ribeiro', 'carolina.ribeiro@example.com'),
  (12112520, 'Rui', 'Gomes', 'rui.gomes@example.com'),
  (12112521, 'Mariana', 'Fernandes', 'mariana.fernandes@example.com'),
  (12112522, 'André', 'Sousa', 'andre.sousa@example.com'),
  (12112523, 'Beatriz', 'Martins', 'beatriz.martins@example.com'),
  (12112524, 'João', 'Rodrigues', 'joao.rodrigues@example.com'),
  (12112525, 'Luísa', 'Neves', 'luisa.neves@example.com'),
  (12112526, 'Bruno', 'Correia', 'bruno.correia@example.com'),
  (12112527, 'Rita', 'Dias', 'rita.dias@example.com'),
  (12112528, 'Hugo', 'Monteiro', 'hugo.monteiro@example.com'),
  (12112529, 'Ana', 'Gonçalves', 'ana.goncalves@example.com'),
  (12112530, 'Leonardo', 'Carvalho', 'leonardo.carvalho@example.com'),
  (12112531, 'Carla', 'Teixeira', 'carla.teixeira@example.com'),
  (12112532, 'Dinis', 'Araújo', 'dinis.araujo@example.com'),
  (13112501, 'Aiyana', 'Brown', 'aiyana.brown@example.com'),
  (13112502, 'Ayita', 'Smith', 'ayita.smith@example.com'),
  (13112503, 'Kai', 'Jones', 'kai.jones@example.com'),
  (13112504, 'Migisi', 'Davis', 'migisi.davis@example.com'),
  (13112505, 'Tahkeome', 'Taylor', 'tahkeome.taylor@example.com'),
  (13112506, 'Winona', 'Wilson', 'winona.wilson@example.com'),
  (13112507, 'Zitkala', 'Lewis', 'zitkala.lewis@example.com'),
  (13112508, 'Elu', 'Adams', 'elu.adams@example.com'),
  (13112509, 'Hinto', 'Jackson', 'hinto.jackson@example.com'),
  (13112510, 'Nina', 'Robinson', 'nina.robinson@example.com'),
  (13112511, 'Kiona', 'Moore', 'kiona.moore@example.com'),
  (13112512, 'Tatanka', 'Martin', 'tatanka.martin@example.com'),
  (13112513, 'Tayen', 'White', 'tayen.white@example.com'),
  (13112514, 'Awentia', 'Adams', 'awentia.adams@example.com'),
  (13112515, 'Misu', 'Hernandez', 'misu.hernandez@example.com'),
  (13112516, 'Awena', 'Perez', 'awena.perez@example.com'),
  (13112517, 'Kimi', 'Gonzalez', 'kimi.gonzalez@example.com'),
  (13112518, 'Dakota', 'Lopez', 'dakota.lopez@example.com'),
  (13112519, 'Naira', 'Clark', 'naira.clark@example.com'),
  (13112520, 'Misu', 'Carter', 'misu.carter@example.com'),
  (13112521, 'Inola', 'Barnes', 'inola.barnes@example.com'),
  (13112522, 'Aiyana', 'Sanchez', 'aiyana.sanchez@example.com'),
  (13112523, 'Mika', 'Perez', 'mika.perez@example.com'),
  (13112524, 'Migisi', 'Thompson', 'migisi.thompson@example.com'),
  (13112525, 'Awenasa', 'Martin', 'awenasa.martin@example.com'),
  (13112526, 'Naira', 'Ramirez', 'naira.ramirez@example.com'),
  (13112527, 'Hinto', 'Gomez', 'hinto.gomez@example.com'),
  (13112528, 'Tayanita', 'Ward', 'tayanita.ward@example.com'),
  (13112529, 'Kiona', 'Hernandez', 'kiona.hernandez@example.com'),
  (13112530, 'Elu', 'Young', 'elu.young@example.com'),
  (14112501, 'Yuki', 'Nakamura', 'yuki.nakamura@example.com'),
  (14112502, 'Kenji', 'Suzuki', 'kenji.suzuki@example.com'),
  (14112503, 'Emi', 'Tanaka', 'emi.tanaka@example.com'),
  (14112504, 'Hiroshi', 'Kawasaki', 'hiroshi.kawasaki@example.com'),
  (14112505, 'Miyuki', 'Yamamoto', 'miyuki.yamamoto@example.com'),
  (14112506, 'Takashi', 'Ishikawa', 'takashi.ishikawa@example.com'),
  (14112507, 'Aiko', 'Inoue', 'aiko.inoue@example.com'),
  (14112508, 'Yusuke', 'Kato', 'yusuke.kato@example.com'),
  (14112509, 'Riko', 'Kobayashi', 'riko.kobayashi@example.com'),
  (14112510, 'Toshiro', 'Ogawa', 'toshiro.ogawa@example.com'),
  (14112511, 'Sakura', 'Nishimoto', 'sakura.nishimoto@example.com'),
  (14112512, 'Haruki', 'Abe', 'haruki.abe@example.com'),
  (14112513, 'Mika', 'Saito', 'mika.saito@example.com'),
  (14112514, 'Ryota', 'Ito', 'ryota.ito@example.com'),
  (14112515, 'Eri', 'Mizuki', 'eri.mizuki@example.com'),
  (14112516, 'Hiroko', 'Yoshida', 'hiroko.yoshida@example.com'),
  (14112517, 'Kaito', 'Hayashi', 'kaito.hayashi@example.com'),
  (14112518, 'Yumi', 'Nagano', 'yumi.nagano@example.com'),
  (14112519, 'Kazuhiro', 'Sakamoto', 'kazuhiro.sakamoto@example.com'),
  (14112520, 'Sora', 'Yamada', 'sora.yamada@example.com'),
  (14112521, 'Natsumi', 'Arai', 'natsumi.arai@example.com'),
  (14112522, 'Taichi', 'Fujita', 'taichi.fujita@example.com'),
  (14112523, 'Rina', 'Okada', 'rina.okada@example.com'),
  (14112524, 'Kazuki', 'Yoshimura', 'kazuki.yoshimura@example.com'),
  (14112525, 'Yuko', 'Ono', 'yuko.ono@example.com'),
  (14112526, 'Haruto', 'Kudo', 'haruto.kudo@example.com'),
  (14112527, 'Riko', 'Mori', 'riko.mori@example.com'),
  (14112528, 'Tetsuya', 'Takahashi', 'tetsuya.takahashi@example.com'),
  (14112529, 'Sakura', 'Matsuda', 'sakura.matsuda@example.com'),
  (14112530, 'Yuto', 'Nakagawa', 'yuto.nakagawa@example.com'),
  (14112531, 'Mayumi', 'Hasegawa', 'mayumi.hasegawa@example.com'),
  (14112532, 'Takuma', 'Yamaguchi', 'takuma.yamaguchi@example.com'),
  (14112533, 'Airi', 'Kondo', 'airi.kondo@example.com'),
  (14112534, 'Hiroshi', 'Sasaki', 'hiroshi.sasaki@example.com'),
  (14112535, 'Mai', 'Kawaguchi', 'mai.kawaguchi@example.com'),
  (14112536, 'Takashi', 'Kaneko', 'takashi.kaneko@example.com'),
  (14112537, 'Nana', 'Tamura', 'nana.tamura@example.com'),
  (14112538, 'Kazuki', 'Aoki', 'kazuki.aoki@example.com'),
  (14112539, 'Yumi', 'Ishii', 'yumi.ishii@example.com'),
  (14113001, 'Amina', 'Ahmed', 'amina.ahmed@example.com'),
  (14113002, 'Zayd', 'Ali', 'zayd.ali@example.com'),
  (14113003, 'Yasmin', 'Aziz', 'yasmin.aziz@example.com'),
  (14113004, 'Hassan', 'Choudhury', 'hassan.choudhury@example.com'),
  (14113005, 'Laila', 'El-Sayed', 'laila.el-sayed@example.com'),
  (14113006, 'Ibrahim', 'Fahim', 'ibrahim.fahim@example.com'),
  (14113007, 'Ayesha', 'Haq', 'ayesha.haq@example.com'),
  (14113008, 'Khalid', 'Hassan', 'khalid.hassan@example.com'),
  (14113009, 'Jamila', 'Hussein', 'jamila.hussein@example.com'),
  (14113010, 'Karim', 'Iqbal', 'karim.iqbal@example.com'),
  (14113011, 'Farah', 'Khan', 'farah.khan@example.com'),
  (14113012, 'Nadia', 'Malik', 'nadia.malik@example.com'),
  (14113013, 'Tariq', 'Mohammed', 'tariq.mohammed@example.com'),
  (14113014, 'Aisha', 'Nasser', 'aisha.nasser@example.com'),
  (14113015, 'Omar', 'Qureshi', 'omar.qureshi@example.com'),
  (14113016, 'Yusuf', 'Rahman', 'yusuf.rahman@example.com'),
  (14113017, 'Sana', 'Siddiqui', 'sana.siddiqui@example.com'),
  (14113018, 'Salma', 'Saleh', 'salma.saleh@example.com'),
  (14113019, 'Bilal', 'Sultan', 'bilal.sultan@example.com'),
  (14113020, 'Fatima', 'Tariq', 'fatima.tariq@example.com'),
  (14113021, 'Imran', 'Yousef', 'imran.yousef@example.com'),
  (14113022, 'Leila', 'Abbas', 'leila.abbas@example.com'),
  (14113023, 'Rashid', 'Alam', 'rashid.alam@example.com'),
  (14113024, 'Amir', 'Bashir', 'amir.bashir@example.com'),
  (14113025, 'Nadia', 'Chaudhry', 'nadia.chaudhry@example.com'),
  (14113026, 'Amin', 'Dawood', 'amin.dawood@example.com'),
  (14113027, 'Faisal', 'Elamin', 'faisal.elamin@example.com'),
  (14113028, 'Ayesha', 'Farooqi', 'ayesha.farooqi@example.com'),
  (14113029, 'Kareem', 'Ghani', 'kareem.ghani@example.com'),
  (14113030, 'Sadia', 'Haque', 'sadia.haque@example.com'),
  (14113031, 'Nabeel', 'Islam', 'nabeel.islam@example.com'),
  (14113032, 'Mona', 'Jabbar', 'mona.jabbar@example.com'),
  (14113033, 'Rahim', 'Kareem', 'rahim.kareem@example.com'),
  (14113034, 'Ali', 'Khan', 'ali.khan@example.com'),
  (14113035, 'Sara', 'Mahmood', 'sara.mahmood@example.com'),
  (14113036, 'Omar', 'Najjar', 'omar.najjar@example.com'),
  (14113037, 'Amira', 'Qazi', 'amira.qazi@example.com'),
  (14113038, 'Samir', 'Rashid', 'samir.rashid@example.com'),
  (14113039, 'Layla', 'Siddique', 'layla.siddique@example.com'),
  (14113040, 'Youssef', 'Yasin', 'youssef.yasin@example.com');

INSERT INTO course (department_code, course_no, title) VALUES 
  ('CPSC', 101, 'Introduction to Computer Science'),
  ('CPSC', 201, 'Data Structures and Algorithms'),
  ('EGEC', 301, 'Digital Circuits'),
  ('EGEE', 401, 'Electromagnetic Fields and Waves'),
  ('HUM', 101, 'Introduction to Literature'),
  ('HUM', 201, 'World History'),
  ('SOC', 301, 'Sociological Theories'),
  ('PHRN', 101, 'Introduction to Phrenology');

INSERT INTO section (id, dept_code, course_num, section_no, academic_year, semester, instructor_id, room_num, room_capacity, course_start_date, enrollment_start, enrollment_end) VALUES 
  (1, 'CPSC', 101, 1, 2023, 'SU', 1, 101, 30, '2023-06-12', '2023-06-01 09:00:00', '2023-06-15 17:00:00'),
  (2, 'CPSC', 201, 1, 2023, 'FA', 2, 102, 25, '2023-09-05', '2023-08-20 09:00:00', '2023-09-25 17:00:00'),
  (3, 'EGEC', 301, 1, 2023, 'SU', 3, 201, 20, '2023-06-12', '2023-05-30 09:00:00', '2023-06-15 17:00:00'),
  (4, 'EGEE', 401, 1, 2023, 'FA', 4, 202, 15, '2023-09-05', '2023-08-20 09:00:00', '2023-09-25 17:00:00'),
  (5, 'HUM', 101, 1, 2023, 'SU', 7, 401, 25, '2023-06-12', '2023-05-30 09:00:00', '2023-06-15 17:00:00'),
  (6, 'HUM', 201, 1, 2023, 'SU', 8, 402, 20, '2023-06-12', '2023-05-30 09:00:00', '2023-06-15 17:00:00'),
  (7, 'SOC', 301, 1, 2023, 'FA', 9, 501, 18, '2023-09-05', '2023-08-20 09:00:00', '2023-09-25 17:00:00'),
  (8, 'PHRN', 101, 1, 2023, 'SU', 10, 601, 20, '2023-06-12', '2023-05-30 09:00:00', '2023-06-15 17:00:00'),
  (9, 'CPSC', 101, 2, 2023, 'FA', 3, 102, 20, '2023-09-05', '2023-08-20 09:00:00', '2023-09-25 17:00:00'),
  (10, 'CPSC', 201, 2, 2023, 'FA', 4, 103, 18, '2023-09-05', '2023-08-20 09:00:00', '2023-09-25 17:00:00'),
  (11, 'EGEC', 301, 2, 2023, 'FA', 5, 202, 22, '2023-09-05', '2023-08-20 09:00:00', '2023-09-25 17:00:00'),
  (12, 'EGEE', 401, 2, 2023, 'FA', 6, 203, 15, '2023-09-05', '2023-08-20 09:00:00', '2023-09-25 17:00:00'),
  (13, 'HUM', 101, 2, 2023, 'FA', 7, 402, 25, '2023-09-05', '2023-08-20 09:00:00', '2023-09-25 17:00:00'),
  (14, 'HUM', 201, 2, 2023, 'FA', 8, 403, 20, '2023-10-05', '2023-10-01 09:00:00', '2023-10-25 17:00:00'),
  (15, 'PHRN', 101, 2, 2023, 'FA', 9, 501, 20, '2023-10-05', '2023-10-01 09:00:00', '2023-10-25 17:00:00');

INSERT INTO enrollment (section_id, student_id, enrollment_date) VALUES 
  (2, 12345678, '2023-08-21 09:00:00'),
  (2, 23456789, '2023-08-22 09:00:00'),
  (2, 34567890, '2023-08-23 09:00:00'),
  (2, 45678901, '2023-08-24 09:00:00'),
  (2, 56789012, '2023-08-25 09:00:00'),
  (2, 67890123, '2023-08-21 09:30:00'),
  (2, 78901234, '2023-08-27 09:40:00'),
  (2, 89012345, '2023-08-21 09:50:00'),
  (2, 90123456, '2023-08-25 09:10:00'),
  (2, 10123456, '2023-08-21 09:20:00'),
  (2, 11123456, '2023-08-24 09:15:00'),
  (2, 12123456, '2023-08-22 09:10:00'),
  (2, 12112364, '2023-08-20 09:00:00'),
  (2, 12112365, '2023-08-21 10:30:00'),
  (2, 12112367, '2023-08-22 14:45:00'),
  (2, 12112368, '2023-08-23 11:20:00'),
  (2, 12112369, '2023-08-24 16:05:00'),
  (2, 12112370, '2023-08-25 13:10:00'),
  (2, 12112371, '2023-08-26 09:30:00'),
  (2, 12112372, '2023-08-27 15:20:00'),
  (2, 12112373, '2023-08-28 10:45:00'),
  (2, 12112374, '2023-08-29 12:55:00'),
  (2, 12112375, '2023-08-30 14:00:00'),
  (2, 12112376, '2023-08-21 16:30:00'),
  (2, 12112378, '2023-08-22 11:15:00'),
  (2, 12112379, '2023-08-23 10:00:00'),
  (2, 12112380, '2023-08-24 13:45:00'),
  (2, 12112381, '2023-08-25 15:55:00'),
  (2, 12112382, '2023-08-26 12:20:00'),
  (2, 12112383, '2023-08-27 14:10:00');

INSERT INTO waitlist (section_id, student_id, waitlist_date) VALUES
  (2, 65123456, '2023-08-28 09:00:00'),
  (2, 73123456, '2023-08-28 10:00:00'),
  (2, 76123456, '2023-08-28 11:30:00'),
  (2, 68123456, '2023-08-29 09:40:00'),
  (2, 85123456, '2023-08-29 09:50:00');

INSERT INTO droplist (section_id, student_id, drop_date) VALUES 
  (2, 65123456, '2023-08-24 09:00:00'),
  (2, 73123456, '2023-08-25 10:00:00'),
  (2, 76123456, '2023-08-27 11:30:00'),
  (2, 68123456, '2023-08-28 09:40:00'),
  (2, 85123456, '2023-08-29 09:50:00');
COMMIT;